{"stats":{"minecraft:dropped":{"man:cassette_1safetyinstructions":2,"mca:book_romance":1},"minecraft:picked_up":{"man:cassette_1safetyinstructions":1},"minecraft:custom":{"minecraft:jump":95,"minecraft:time_since_rest":9512,"minecraft:leave_game":1,"minecraft:damage_taken":10,"minecraft:sprint_one_cm":3793,"minecraft:play_time":9512,"minecraft:walk_on_water_one_cm":334,"minecraft:time_since_death":9512,"minecraft:walk_one_cm":13227,"minecraft:total_world_time":9512,"minecraft:drop":3,"minecraft:fall_one_cm":3346,"minecraft:fly_one_cm":9317}},"DataVersion":3465}